{
    "__comment": "Model generated using MrCrayfish's Model Creator (http://mrcrayfish.com/modelcreator/)",
    "textures": {
        "particle": "blocks/hardened_clay_stained_blue",
        "0": "blocks/hardened_clay_stained_blue",
        "1": "blocks/iron_block"
    },
    "elements": [
        {
            "name": "Cube",
            "from": [ 6.0, 0.0, 6.0 ], 
            "to": [ 9.0, 1.0, 10.0 ], 
            "faces": {
                "north": { "texture": "#0", "uv": [ 1.0, 0.0, 16.0, 15.0 ] },
                "east": { "texture": "#0", "uv": [ 2.0, 3.0, 15.0, 11.0 ] },
                "south": { "texture": "#0", "uv": [ 0.0, 0.0, 13.0, 10.0 ] },
                "west": { "texture": "#0", "uv": [ 0.0, 0.0, 13.0, 12.0 ] },
                "up": { "texture": "#0", "uv": [ 0.0, 0.0, 16.0, 4.0 ] },
                "down": { "texture": "#0", "uv": [ 0.0, 0.0, 15.0, 9.0 ] }
            }
        },
        {
            "name": "Cube",
            "from": [ 6.0, 0.0, 10.0 ], 
            "to": [ 9.0, 1.0, 11.0 ], 
            "faces": {
                "north": { "texture": "#0", "uv": [ 0.0, 0.0, 15.0, 10.0 ] },
                "east": { "texture": "#0", "uv": [ 0.0, 0.0, 14.0, 6.0 ] },
                "south": { "texture": "#0", "uv": [ 0.0, 0.0, 13.0, 7.0 ] },
                "west": { "texture": "#0", "uv": [ 0.0, 0.0, 14.0, 4.0 ] },
                "up": { "texture": "#0", "uv": [ 0.0, 0.0, 7.0, 6.0 ] },
                "down": { "texture": "#0", "uv": [ 0.0, 0.0, 15.0, 5.0 ] }
            }
        },
        {
            "name": "Cube",
            "from": [ 5.0, 0.0, 7.0 ], 
            "to": [ 6.0, 1.0, 10.0 ], 
            "faces": {
                "north": { "texture": "#0", "uv": [ 0.0, 0.0, 16.0, 7.0 ] },
                "east": { "texture": "#0", "uv": [ 0.0, 8.0, 16.0, -1.0 ] },
                "south": { "texture": "#0", "uv": [ 0.0, 0.0, 15.0, 6.0 ] },
                "west": { "texture": "#0", "uv": [ 0.0, 0.0, 15.0, 5.0 ] },
                "up": { "texture": "#0", "uv": [ 0.0, 0.0, 16.0, 5.0 ] },
                "down": { "texture": "#0", "uv": [ 0.0, 0.0, 16.0, 5.0 ] }
            }
        },
        {
            "name": "Cube",
            "from": [ 9.0, 0.0, 7.0 ], 
            "to": [ 10.0, 1.0, 10.0 ], 
            "faces": {
                "north": { "texture": "#0", "uv": [ 0.0, 1.0, 16.0, 3.0 ] },
                "east": { "texture": "#0", "uv": [ 0.0, 0.0, 16.0, 10.0 ] },
                "south": { "texture": "#0", "uv": [ 0.0, 9.0, 16.0, 0.0 ] },
                "west": { "texture": "#0", "uv": [ 0.0, 0.0, 13.0, 12.0 ] },
                "up": { "texture": "#0", "uv": [ 0.0, 0.0, 16.0, 6.0 ] },
                "down": { "texture": "#0", "uv": [ 0.0, 0.0, 16.0, 6.0 ] }
            }
        },
        {
            "name": "Cube",
            "from": [ 6.0, 2.0, 6.0 ], 
            "to": [ 9.0, 3.0, 10.0 ], 
            "faces": {
                "north": { "texture": "#0", "uv": [ 0.0, 0.0, 16.0, 5.0 ] },
                "east": { "texture": "#0", "uv": [ 0.0, 0.0, 16.0, 7.0 ] },
                "south": { "texture": "#0", "uv": [ 0.0, 0.0, 16.0, 5.0 ] },
                "west": { "texture": "#0", "uv": [ 0.0, 0.0, 16.0, 5.0 ] },
                "up": { "texture": "#0", "uv": [ 0.0, 0.0, 16.0, 6.0 ] },
                "down": { "texture": "#0", "uv": [ 0.0, 0.0, 16.0, 6.0 ] }
            }
        },
        {
            "name": "Cube",
            "from": [ 6.0, 1.0, 6.0 ], 
            "to": [ 9.0, 2.0, 7.0 ], 
            "faces": {
                "north": { "texture": "#0", "uv": [ 0.0, 0.0, 16.0, 7.0 ] },
                "east": { "texture": "#0", "uv": [ 0.0, 0.0, 16.0, 7.0 ] },
                "south": { "texture": "#0", "uv": [ 0.0, 0.0, 16.0, 6.0 ] },
                "west": { "texture": "#0", "uv": [ 0.0, 0.0, 16.0, 6.0 ] },
                "up": { "texture": "#0", "uv": [ 0.0, 0.0, 16.0, 6.0 ] },
                "down": { "texture": "#0", "uv": [ 0.0, 0.0, 16.0, 6.0 ] }
            }
        },
        {
            "name": "Cube",
            "from": [ 5.0, 2.0, 7.0 ], 
            "to": [ 6.0, 3.0, 9.0 ], 
            "faces": {
                "north": { "texture": "#0", "uv": [ 0.0, 0.0, 16.0, 6.0 ] },
                "east": { "texture": "#0", "uv": [ 0.0, 0.0, 16.0, 6.0 ] },
                "south": { "texture": "#0", "uv": [ 0.0, 0.0, 16.0, 6.0 ] },
                "west": { "texture": "#0", "uv": [ 0.0, 0.0, 16.0, 7.0 ] },
                "up": { "texture": "#0", "uv": [ 0.0, 0.0, 16.0, 7.0 ] },
                "down": { "texture": "#0", "uv": [ 0.0, 0.0, 16.0, 7.0 ] }
            }
        },
        {
            "name": "Cube",
            "from": [ 9.0, 2.0, 7.0 ], 
            "to": [ 10.0, 3.0, 9.0 ], 
            "faces": {
                "north": { "texture": "#0", "uv": [ 0.0, 0.0, 16.0, 4.0 ] },
                "east": { "texture": "#0", "uv": [ 0.0, 0.0, 16.0, 5.0 ] },
                "south": { "texture": "#0", "uv": [ 0.0, 0.0, 16.0, 6.0 ] },
                "west": { "texture": "#0", "uv": [ 0.0, 0.0, 16.0, 6.0 ] },
                "up": { "texture": "#0", "uv": [ 0.0, 0.0, 16.0, 6.0 ] },
                "down": { "texture": "#0", "uv": [ 0.0, 0.0, 16.0, 6.0 ] }
            }
        },
        {
            "name": "Cube",
            "from": [ 7.0, 2.0, 10.0 ], 
            "to": [ 8.0, 3.0, 11.0 ], 
            "faces": {
                "north": { "texture": "#0", "uv": [ 0.0, 0.0, 16.0, 7.0 ] },
                "east": { "texture": "#0", "uv": [ 0.0, 0.0, 16.0, 7.0 ] },
                "south": { "texture": "#0", "uv": [ 0.0, 0.0, 16.0, 6.0 ] },
                "west": { "texture": "#0", "uv": [ 0.0, 0.0, 16.0, 6.0 ] },
                "up": { "texture": "#0", "uv": [ 0.0, 0.0, 16.0, 7.0 ] },
                "down": { "texture": "#0", "uv": [ 0.0, 0.0, 16.0, 7.0 ] }
            }
        },
        {
            "name": "Cube",
            "from": [ 7.0, 1.0, 9.0 ], 
            "to": [ 8.0, 2.0, 10.0 ], 
            "faces": {
                "north": { "texture": "#1", "uv": [ 0.0, 0.0, 16.0, 16.0 ] },
                "east": { "texture": "#1", "uv": [ 0.0, 0.0, 16.0, 16.0 ] },
                "south": { "texture": "#1", "uv": [ 0.0, 0.0, 16.0, 16.0 ] },
                "west": { "texture": "#1", "uv": [ 0.0, 0.0, 16.0, 16.0 ] },
                "up": { "texture": "#1", "uv": [ 0.0, 0.0, 16.0, 16.0 ] },
                "down": { "texture": "#1", "uv": [ 0.0, 0.0, 16.0, 16.0 ] }
            }
        }
    ]
}