{
    "textures": {
        "particle": "blocks/gold_block",
        "0": "blocks/hardened_clay_stained_yellow",
        "1": "blocks/gold_block",
        "2": "blocks/iron_block",
        "3": "blocks/coal_block"
    },
    "elements": [
        {
            "name": "Cube",
            "from": [ 6.0, 7.0, 6.0 ], 
            "to": [ 10.0, 11.0, 12.0 ], 
            "faces": {
                "north": { "texture": "#0", "uv": [ 0.0, 0.0, 4.0, 4.0 ] },
                "east": { "texture": "#0", "uv": [ 0.0, 0.0, 6.0, 4.0 ] },
                "south": { "texture": "#0", "uv": [ 0.0, 0.0, 4.0, 4.0 ] },
                "west": { "texture": "#0", "uv": [ 0.0, 0.0, 6.0, 4.0 ] },
                "up": { "texture": "#0", "uv": [ 0.0, 0.0, 4.0, 6.0 ] },
                "down": { "texture": "#0", "uv": [ 0.0, 0.0, 4.0, 6.0 ] }
            }
        },
        {
            "name": "Cube",
            "from": [ 5.0, 8.0, 7.0 ], 
            "to": [ 6.0, 10.0, 10.0 ], 
            "faces": {
                "north": { "texture": "#1", "uv": [ 0.0, 0.0, 1.0, 2.0 ] },
                "east": { "texture": "#1", "uv": [ 0.0, 0.0, 3.0, 2.0 ] },
                "south": { "texture": "#1", "uv": [ 0.0, 0.0, 1.0, 2.0 ] },
                "west": { "texture": "#1", "uv": [ 0.0, 0.0, 3.0, 2.0 ] },
                "up": { "texture": "#1", "uv": [ 0.0, 0.0, 1.0, 3.0 ] },
                "down": { "texture": "#1", "uv": [ 0.0, 0.0, 1.0, 3.0 ] }
            }
        },
        {
            "name": "Cube",
            "from": [ 10.0, 8.0, 7.0 ], 
            "to": [ 11.0, 10.0, 10.0 ], 
            "faces": {
                "north": { "texture": "#1", "uv": [ 0.0, 0.0, 1.0, 2.0 ] },
                "east": { "texture": "#1", "uv": [ 0.0, 0.0, 3.0, 2.0 ] },
                "south": { "texture": "#1", "uv": [ 0.0, 0.0, 1.0, 2.0 ] },
                "west": { "texture": "#1", "uv": [ 0.0, 0.0, 3.0, 2.0 ] },
                "up": { "texture": "#1", "uv": [ 0.0, 0.0, 1.0, 3.0 ] },
                "down": { "texture": "#1", "uv": [ 0.0, 0.0, 1.0, 3.0 ] }
            }
        },
        {
            "name": "Cube",
            "from": [ 7.0, 8.0, 13.0 ], 
            "to": [ 9.0, 10.0, 14.0 ], 
            "faces": {
                "north": { "texture": "#2", "uv": [ 0.0, 0.0, 2.0, 2.0 ] },
                "east": { "texture": "#2", "uv": [ 0.0, 0.0, 1.0, 2.0 ] },
                "south": { "texture": "#2", "uv": [ 0.0, 0.0, 2.0, 2.0 ] },
                "west": { "texture": "#2", "uv": [ 0.0, 0.0, 1.0, 2.0 ] },
                "up": { "texture": "#2", "uv": [ 0.0, 0.0, 2.0, 1.0 ] },
                "down": { "texture": "#2", "uv": [ 0.0, 0.0, 2.0, 1.0 ] }
            }
        },
        {
            "name": "Cube",
            "from": [ 7.0, 6.0, 7.0 ], 
            "to": [ 9.0, 7.0, 10.0 ], 
            "faces": {
                "north": { "texture": "#1", "uv": [ 0.0, 0.0, 2.0, 1.0 ] },
                "east": { "texture": "#1", "uv": [ 0.0, 0.0, 3.0, 1.0 ] },
                "south": { "texture": "#1", "uv": [ 0.0, 0.0, 2.0, 1.0 ] },
                "west": { "texture": "#1", "uv": [ 0.0, 0.0, 3.0, 1.0 ] },
                "up": { "texture": "#1", "uv": [ 0.0, 0.0, 2.0, 3.0 ] },
                "down": { "texture": "#1", "uv": [ 0.0, 0.0, 2.0, 3.0 ] }
            }
        },
        {
            "name": "Cube",
            "from": [ 7.0, 11.0, 7.0 ], 
            "to": [ 9.0, 12.0, 10.0 ], 
            "faces": {
                "north": { "texture": "#1", "uv": [ 0.0, 0.0, 2.0, 1.0 ] },
                "east": { "texture": "#1", "uv": [ 0.0, 0.0, 3.0, 1.0 ] },
                "south": { "texture": "#1", "uv": [ 0.0, 0.0, 2.0, 1.0 ] },
                "west": { "texture": "#1", "uv": [ 0.0, 0.0, 3.0, 1.0 ] },
                "up": { "texture": "#1", "uv": [ 0.0, 0.0, 2.0, 3.0 ] },
                "down": { "texture": "#1", "uv": [ 0.0, 0.0, 2.0, 3.0 ] }
            }
        },
        {
            "name": "Cube",
            "from": [ 6.0, 7.0, 12.0 ], 
            "to": [ 10.0, 11.0, 13.0 ], 
            "faces": {
                "north": { "texture": "#3", "uv": [ 0.0, 0.0, 2.0, 2.0 ] },
                "east": { "texture": "#3", "uv": [ 0.0, 0.0, 1.0, 2.0 ] },
                "south": { "texture": "#3", "uv": [ 0.0, 0.0, 2.0, 2.0 ] },
                "west": { "texture": "#3", "uv": [ 0.0, 0.0, 1.0, 2.0 ] },
                "up": { "texture": "#3", "uv": [ 0.0, 0.0, 2.0, 1.0 ] },
                "down": { "texture": "#3", "uv": [ 0.0, 0.0, 2.0, 1.0 ] }
            }
        }
    ]
}