{
    "textures": {
        "0": "lootplusplus:items/tnt.future_gun",
        "1": "lootplusplus:items/tnt.future_gun_core",
        "2": "lootplusplus:items/tnt.future_gun_core2"
    },
    "display": {
        "thirdperson": {
            "rotation": [ 0, 0, 180 ],
            "translation": [ 0, -5, -10 ],
            "scale": [ 2, 2, 2 ]
        },
        "firstperson": {
            "rotation": [ 4, -45, 0 ],
            "translation": [ 15, 5, -10 ],
            "scale": [ 4, 4, 4 ]
        },
        "gui": {
            "rotation": [ 0, 0, 0 ],
            "translation": [ 0, 4, 0 ],
            "scale": [ 2, 2, 2 ]
        },
        "ground": {
            "rotation": [ 0, 0, 0 ],
            "translation": [ 0, 0, 0 ],
            "scale": [ 2, 2, 2 ]
        },        
	    "fixed": {
            "rotation": [ 0, 0, 0 ],
            "translation": [ 0, 2, 0 ],
            "scale": [ 2, 2, 2 ]
        }
    },
    "elements": [
        {
            "name": "griff",
            "from": [ 7.5, 0.0, 17.15 ], 
            "to": [ 8.5, 4.0, 18.15 ], 
            "rotation": { "origin": [ 8.0, 1.0, 18.0 ], "axis": "x", "angle": -22.5 },
            "faces": {
                "north": { "texture": "#0", "uv": [ 5.0, 0.0, 6.0, 4.0 ] },
                "east": { "texture": "#0", "uv": [ 5.0, 0.0, 6.0, 4.0 ] },
                "south": { "texture": "#0", "uv": [ 5.0, 0.0, 6.0, 4.0 ] },
                "west": { "texture": "#0", "uv": [ 5.0, 0.0, 6.0, 4.0 ] },
                "up": { "texture": "#0", "uv": [ 5.0, 5.0, 6.0, 6.0 ] },
                "down": { "texture": "#0", "uv": [ 5.0, 5.0, 6.0, 6.0 ] }
            }
        },
        {
            "name": "Kernhalter",
            "from": [ 5.5, 2.0, 7.0 ], 
            "to": [ 10.5, 4.0, 12.0 ], 
            "faces": {
                "north": { "texture": "#1", "uv": [ 6.0, 4.0, 11.0, 6.0 ] },
                "east": { "texture": "#1", "uv": [ 6.0, 9.0, 11.0, 11.0 ] },
                "south": { "texture": "#1", "uv": [ 6.0, 14.0, 11.0, 16.0 ] },
                "west": { "texture": "#1", "uv": [ 11.0, 11.0, 16.0, 13.0 ] },
                "up": { "texture": "#1", "uv": [ 0.0, 5.0, 5.0, 10.0 ] },
                "down": { "texture": "#1", "uv": [ 0.0, 11.0, 5.0, 16.0 ] }
            }
        },
        {
            "name": "hinten",
            "from": [ 6.5, 2.0, 12.0 ], 
            "to": [ 9.5, 5.0, 17.0 ], 
            "faces": {
                "north": { "texture": "#0", "uv": [ 1.0, 0.0, 4.0, 3.0 ] },
                "east": { "texture": "#0", "uv": [ 0.0, 0.0, 5.0, 3.0 ] },
                "south": { "texture": "#0", "uv": [ 1.0, 0.0, 4.0, 3.0 ] },
                "west": { "texture": "#0", "uv": [ 0.0, 0.0, 5.0, 3.0 ] },
                "up": { "texture": "#0", "uv": [ 13.0, 0.0, 16.0, 5.0 ] },
                "down": { "texture": "#0", "uv": [ 10.0, 0.0, 13.0, 5.0 ] }
            }
        },
        {
            "name": "aufsatz",
            "from": [ 11.0, 6.0, 0.005 ], 
            "to": [ 12.0, 7.0, 7.0 ], 
            "rotation": { "origin": [ 8.0, 10.0, 8.0 ], "axis": "z", "angle": -45.0 },
            "faces": {
                "north": { "texture": "#0", "uv": [ 11.0, 9.0, 12.0, 10.0 ] },
                "east": { "texture": "#0", "uv": [ 0.0, 10.0, 7.0, 11.0 ] },
                "south": { "texture": "#0", "uv": [ 11.0, 9.0, 12.0, 10.0 ] },
                "west": { "texture": "#0", "uv": [ 0.0, 10.0, 7.0, 11.0 ] },
                "up": { "texture": "#0", "uv": [ 11.0, 6.0, 12.0, 13.0 ] },
                "down": { "texture": "#0", "uv": [ 11.0, 6.0, 12.0, 13.0 ] }
            }
        },
        {
            "name": "lauf",
            "from": [ 6.5, 2.0, 0.0 ], 
            "to": [ 9.5, 5.0, 7.0 ], 
            "faces": {
                "north": { "texture": "#0", "uv": [ 13.0, 13.0, 16.0, 16.0 ] },
                "east": { "texture": "#0", "uv": [ 0.0, 10.0, 7.0, 13.0 ] },
                "south": { "texture": "#0", "uv": [ 2.0, 10.0, 5.0, 13.0 ] },
                "west": { "texture": "#0", "uv": [ 0.0, 13.0, 7.0, 16.0 ] },
                "up": { "texture": "#0", "uv": [ 13.0, 6.0, 16.0, 13.0 ] },
                "down": { "texture": "#0", "uv": [ 10.0, 6.0, 13.0, 13.0 ] }
            }
        },
        {
            "name": "hinten aufsatz",
            "from": [ 7.5, 5.0, 12.0 ], 
            "to": [ 8.5, 6.0, 16.0 ], 
            "faces": {
                "north": { "texture": "#2", "uv": [ 0.0, 9.0, 1.0, 10.0 ] },
                "east": { "texture": "#2", "uv": [ 2.0, 9.0, 6.0, 10.0 ] },
                "south": { "texture": "#2", "uv": [ 0.0, 11.0, 1.0, 12.0 ] },
                "west": { "texture": "#2", "uv": [ 2.0, 11.0, 6.0, 12.0 ] },
                "up": { "texture": "#2", "uv": [ 8.0, 12.0, 9.0, 16.0 ] },
                "down": { "texture": "#2", "uv": [ 10.0, 12.0, 11.0, 16.0 ] }
            }
        },
        {
            "name": "noch ein aufsatz hinten",
            "from": [ 6.5, 6.0, 13.0 ], 
            "to": [ 9.5, 7.0, 15.0 ], 
            "faces": {
                "north": { "texture": "#2", "uv": [ 4.0, 0.0, 7.0, 1.0 ] },
                "east": { "texture": "#2", "uv": [ 8.0, 0.0, 10.0, 1.0 ] },
                "south": { "texture": "#2", "uv": [ 4.0, 2.0, 7.0, 3.0 ] },
                "west": { "texture": "#2", "uv": [ 11.0, 0.0, 13.0, 1.0 ] },
                "up": { "texture": "#2", "uv": [ 0.0, 3.0, 3.0, 5.0 ] },
                "down": { "texture": "#2", "uv": [ 0.0, 0.0, 3.0, 2.0 ] }
            }
        },
        {
            "name": "visier",
            "from": [ 6.5, 7.0, 13.0 ], 
            "to": [ 9.5, 10.0, 13.0 ], 
            "faces": {
                "north": { "texture": "#0", "uv": [ 0.0, 7.0, 3.0, 10.0 ] },
                "east": { "texture": "#0", "uv": [ 6.0, 0.0, 6.0, 3.0 ] },
                "south": { "texture": "#0", "uv": [ 10.0, 13.0, 13.0, 16.0 ] },
                "west": { "texture": "#0", "uv": [ 8.0, 0.0, 8.0, 3.0 ] },
                "up": { "texture": "#0", "uv": [ 0.0, 7.0, 3.0, 7.0 ] },
                "down": { "texture": "#0", "uv": [ 0.0, 8.0, 3.0, 8.0 ] }
            }
        },
        {
            "name": "Kern",
            "from": [ 5.5, 4.0, 7.0 ], 
            "to": [ 10.5, 7.0, 12.0 ], 
            "faces": {
                "north": { "texture": "#1", "uv": [ 11.0, 13.0, 16.0, 16.0 ] },
                "east": { "texture": "#1", "uv": [ 6.0, 1.0, 11.0, 4.0 ] },
                "south": { "texture": "#1", "uv": [ 6.0, 6.0, 11.0, 9.0 ] },
                "west": { "texture": "#1", "uv": [ 6.0, 11.0, 11.0, 14.0 ] },
                "up": { "texture": "#1", "uv": [ 0.0, 0.0, 5.0, 5.0 ] },
                "down": { "texture": "#1", "uv": [ 11.0, 6.0, 16.0, 11.0 ] }
            }
        },
        {
            "name": "kern2",
            "from": [ 7.5, 4.0, 9.0 ], 
            "to": [ 8.5, 5.0, 10.0 ], 
            "faces": {
                "north": { "texture": "#0", "uv": [ 8.0, 5.0, 9.0, 6.0 ] },
                "east": { "texture": "#0", "uv": [ 9.0, 4.0, 10.0, 5.0 ] },
                "south": { "texture": "#0", "uv": [ 9.0, 6.0, 10.0, 7.0 ] },
                "west": { "texture": "#0", "uv": [ 10.0, 5.0, 11.0, 6.0 ] },
                "up": { "texture": "#0", "uv": [ 11.0, 5.0, 12.0, 6.0 ] },
                "down": { "texture": "#0", "uv": [ 9.0, 5.0, 10.0, 6.0 ] }
            }
        },
        {
            "name": "kern3",
            "from": [ 6.5, 4.0, 8.0 ], 
            "to": [ 9.5, 6.0, 11.0 ], 
            "faces": {
                "north": { "texture": "#2", "uv": [ 8.0, 2.0, 11.0, 4.0 ] },
                "east": { "texture": "#2", "uv": [ 4.0, 4.0, 7.0, 6.0 ] },
                "south": { "texture": "#2", "uv": [ 8.0, 9.0, 11.0, 11.0 ] },
                "west": { "texture": "#2", "uv": [ 12.0, 4.0, 15.0, 6.0 ] },
                "up": { "texture": "#2", "uv": [ 8.0, 5.0, 11.0, 8.0 ] },
                "down": { "texture": "#2", "uv": [ 0.0, 4.0, 3.0, 7.0 ] }
            }
        }
    ]
}