{
"__comment": "",
"ambientocclusion": false,
"textures": {
    "texture": "blocks/portal",
    "anvil": "blocks/coal_block",
    "wood": "blocks/coal_block"
},
"elements": [ 
{
    "__comment": "Wood",
    "from": [ 7.5, 10, 7.25 ],
    "to": [ 8.5, 16, 8.75 ],
    "faces": {
        "north": { "uv": [ 7, 0, 8, 6 ], "texture": "#wood" },
        "south": { "uv": [ 7, 0, 8, 6 ], "texture": "#wood" },
        "west":  { "uv": [ 7, 0, 8, 6 ], "texture": "#wood" },
        "east":  { "uv": [ 7, 0, 8, 6 ], "texture": "#wood" }
    }
},
{
    "__comment": "Wood",
    "from": [ 7.25, 10, 7.5 ],
    "to": [ 8.75, 16, 8.5 ],
    "faces": {
        "north": { "uv": [ 7, 0, 8, 6 ], "texture": "#wood" },
        "south": { "uv": [ 7, 0, 8, 6 ], "texture": "#wood" },
        "west":  { "uv": [ 7, 0, 8, 6 ], "texture": "#wood" },
        "east":  { "uv": [ 7, 0, 8, 6 ], "texture": "#wood" }
    }
},
{
    "__comment": "Anvil Sphere",
    "from": [ 6.5, 16, 7.25 ],
    "to": [ 9.5, 22, 8.75 ],
    "faces": {
        "down":  { "uv": [ 6, 9, 10, 7 ], "texture": "#anvil" },
        "up":    { "uv": [ 6, 7, 10, 9 ], "texture": "#anvil" },
        "north": { "uv": [ 6, 4, 10, 12 ], "texture": "#anvil" },
        "south": { "uv": [ 6, 4, 10, 12 ], "texture": "#anvil" },
        "west":  { "uv": [ 7, 4, 9, 12 ], "texture": "#anvil" },
        "east":  { "uv": [ 7, 4, 9, 12 ], "texture": "#anvil" }
    }
},
{
    "__comment": "Anvil Sphere",
    "from": [ 7.25, 16, 6.5 ],
    "to": [ 8.75, 22, 9.5 ],
    "faces": {
        "down":  { "uv": [ 7, 10, 9, 6 ], "texture": "#anvil" },
        "up":    { "uv": [ 7, 6, 9, 10 ], "texture": "#anvil" },
        "north": { "uv": [ 7, 4, 9, 12 ], "texture": "#anvil" },
        "south": { "uv": [ 7, 4, 9, 12 ], "texture": "#anvil" },
        "west":  { "uv": [ 6, 4, 10, 12 ], "texture": "#anvil" },
        "east":  { "uv": [ 6, 4, 10, 12 ], "texture": "#anvil" }
    }
},
{
    "__comment": "Anvil Sphere",
    "from": [ 6.5, 18.25, 5 ],
    "to": [ 9.5, 19.75, 11 ],
    "faces": {
        "down":  { "uv": [ 6, 12, 10, 4 ], "texture": "#anvil" },
        "up":    { "uv": [ 6, 4, 10, 12 ], "texture": "#anvil" },
        "north": { "uv": [ 6, 7, 10, 9 ], "texture": "#anvil" },
        "south": { "uv": [ 6, 7, 10, 9 ], "texture": "#anvil" },
        "west":  { "uv": [ 4, 7, 12, 9 ], "texture": "#anvil" },
        "east":  { "uv": [ 4, 7, 12, 9 ], "texture": "#anvil" }
    }
},
{
    "__comment": "Anvil Sphere",
    "from": [ 7.25, 17.5, 5 ],
    "to": [ 8.75, 20.5, 11 ],
    "faces": {
        "down":  { "uv": [ 7, 12, 9, 4 ], "texture": "#anvil" },
        "up":    { "uv": [ 7, 4, 9, 12 ], "texture": "#anvil" },
        "north": { "uv": [ 7, 6, 9, 10 ], "texture": "#anvil" },
        "south": { "uv": [ 7, 6, 9, 10 ], "texture": "#anvil" },
        "west":  { "uv": [ 4, 6, 12, 10 ], "texture": "#anvil" },
        "east":  { "uv": [ 4, 6, 12, 10 ], "texture": "#anvil" }
    }
},
{
    "__comment": "Anvil Sphere",
    "from": [ 5, 18.25, 6.5 ],
    "to": [ 11, 19.75, 9.5 ],
    "faces": {
        "down":  { "uv": [ 4, 10, 12, 6 ], "texture": "#anvil" },
        "up":    { "uv": [ 4, 6, 12, 10 ], "texture": "#anvil" },
        "north": { "uv": [ 4, 7, 12, 9 ], "texture": "#anvil" },
        "south": { "uv": [ 4, 7, 12, 9 ], "texture": "#anvil" },
        "west":  { "uv": [ 6, 7, 10, 9 ], "texture": "#anvil" },
        "east":  { "uv": [ 6, 7, 10, 9 ], "texture": "#anvil" }
    }
},
{
    "__comment": "Anvil Sphere",
    "from": [ 5, 17.5, 7.25 ],
    "to": [ 11, 20.5, 8.75 ],
    "faces": {
        "down":  { "uv": [ 4, 9, 12, 7 ], "texture": "#anvil" },
        "up":    { "uv": [ 4, 7, 12, 9 ], "texture": "#anvil" },
        "north": { "uv": [ 4, 6, 12, 10 ], "texture": "#anvil" },
        "south": { "uv": [ 4, 6, 12, 10 ], "texture": "#anvil" },
        "west":  { "uv": [ 7, 6, 9, 10 ], "texture": "#anvil" },
        "east":  { "uv": [ 7, 6, 9, 10 ], "texture": "#anvil" }
    }
},
{
    "__comment": "Anvil Sphere",
    "from": [ 5.75, 17.5, 5.75 ],
    "to": [ 10.25, 20.5, 10.25 ],
    "faces": {
        "down":  { "uv": [ 5, 11, 11, 5 ], "texture": "#anvil" },
        "up":    { "uv": [ 5, 5, 11, 11 ], "texture": "#anvil" },
        "north": { "uv": [ 5, 6, 11, 10 ], "texture": "#anvil" },
        "south": { "uv": [ 5, 6, 11, 10 ], "texture": "#anvil" },
        "west":  { "uv": [ 5, 6, 11, 10 ], "texture": "#anvil" },
        "east":  { "uv": [ 5, 6, 11, 10 ], "texture": "#anvil" }
    }
},
{
    "__comment": "Anvil Sphere",
    "from": [ 6.5, 16.75, 5.75 ],
    "to": [ 9.5, 21.25, 10.25 ],
    "faces": {
        "down":  { "uv": [ 6, 11, 10, 5 ], "texture": "#anvil" },
        "up":    { "uv": [ 6, 5, 10, 11 ], "texture": "#anvil" },
        "north": { "uv": [ 6, 5, 10, 11 ], "texture": "#anvil" },
        "south": { "uv": [ 6, 5, 10, 11 ], "texture": "#anvil" },
        "west":  { "uv": [ 5, 5, 11, 11 ], "texture": "#anvil" },
        "east":  { "uv": [ 5, 5, 11, 11 ], "texture": "#anvil" }
    }
},
{
    "__comment": "Anvil Sphere",
    "from": [ 5.75, 16.75, 6.5 ],
    "to": [ 10.25, 21.25, 9.5 ],
    "faces": {
        "down":  { "uv": [ 5, 10, 11, 6 ], "texture": "#anvil" },
        "up":    { "uv": [ 5, 6, 11, 10 ], "texture": "#anvil" },
        "north": { "uv": [ 5, 5, 11, 11 ], "texture": "#anvil" },
        "south": { "uv": [ 5, 5, 11, 11 ], "texture": "#anvil" },
        "west":  { "uv": [ 6, 5, 10, 11 ], "texture": "#anvil" },
        "east":  { "uv": [ 6, 5, 10, 11 ], "texture": "#anvil" }
    }
},
{
    "__comment": "Grip",
    "from": [ 7.5, 1, 7 ],
    "to": [ 8.5, 9, 9 ],
    "faces": {
        "north": { "uv": [ 7.5, 7, 8.5, 15 ], "texture": "#texture" },
        "south": { "uv": [ 7.5, 7, 8.5, 15 ], "texture": "#texture" },
        "west":  { "uv": [ 7, 7, 9, 15 ], "texture": "#texture" },
        "east":  { "uv": [ 7, 7, 9, 15 ], "texture": "#texture" }
    }
},
{
    "__comment": "Grip",
    "from": [ 7, 1, 7.5 ],
    "to": [ 9, 9, 8.5 ],
    "faces": {
        "north": { "uv": [ 7, 7, 9, 15 ], "texture": "#texture" },
        "south": { "uv": [ 7, 7, 9, 15 ], "texture": "#texture" },
        "west":  { "uv": [ 7.5, 7, 8.5, 15 ], "texture": "#texture" },
        "east":  { "uv": [ 7.5, 7, 8.5, 15 ], "texture": "#texture" }
    }
},
{
    "__comment": "Anvil Grip",
    "from": [ 7, 0, 6.5 ],
    "to": [ 9, 1, 9.5 ],
    "faces": {
        "down":  { "uv": [ 7, 9.5, 9, 6.5 ], "texture": "#anvil" },
        "up":    { "uv": [ 7, 6.5, 9, 9.5 ], "texture": "#anvil" },
        "north": { "uv": [ 7, 15, 9, 16 ], "texture": "#anvil" },
        "south": { "uv": [ 7, 15, 9, 16 ], "texture": "#anvil" },
        "west":  { "uv": [ 6.5, 15, 9.5, 16 ], "texture": "#anvil" },
        "east":  { "uv": [ 6.5, 15, 9.5, 16 ], "texture": "#anvil" }
    }
},
{
    "__comment": "Anvil Grip",
    "from": [ 6.5, 0, 7 ],
    "to": [ 9.5, 1, 9 ],
    "faces": {
        "down":  { "uv": [ 6.5, 9, 9.5, 7 ], "texture": "#anvil" },
        "up":    { "uv": [ 6.5, 7, 9.5, 9 ], "texture": "#anvil" },
        "north": { "uv": [ 6.5, 15, 9.5, 16 ], "texture": "#anvil" },
        "south": { "uv": [ 6.5, 15, 9.5, 16 ], "texture": "#anvil" },
        "west":  { "uv": [ 7, 15, 9, 16 ], "texture": "#anvil" },
        "east":  { "uv": [ 7, 15, 9, 16 ], "texture": "#anvil" }
    }
},
{
    "__comment": "Anvil Grip",
    "from": [ 7, 9, 6.5 ],
    "to": [ 9, 10, 9.5 ],
    "faces": {
        "down":  { "uv": [ 7, 9.5, 9, 6.5 ], "texture": "#anvil" },
        "up":    { "uv": [ 7, 6.5, 9, 9.5 ], "texture": "#anvil" },
        "north": { "uv": [ 7, 15, 9, 16 ], "texture": "#anvil" },
        "south": { "uv": [ 7, 15, 9, 16 ], "texture": "#anvil" },
        "west":  { "uv": [ 6.5, 15, 9.5, 16 ], "texture": "#anvil" },
        "east":  { "uv": [ 6.5, 15, 9.5, 16 ], "texture": "#anvil" }
    }
},
{
    "__comment": "Anvil Grip",
    "from": [ 6.5, 9, 7 ],
    "to": [ 9.5, 10, 9 ],
    "faces": {
        "down":  { "uv": [ 6.5, 9, 9.5, 7 ], "texture": "#anvil" },
        "up":    { "uv": [ 6.5, 7, 9.5, 9 ], "texture": "#anvil" },
        "north": { "uv": [ 6.5, 15, 9.5, 16 ], "texture": "#anvil" },
        "south": { "uv": [ 6.5, 15, 9.5, 16 ], "texture": "#anvil" },
        "west":  { "uv": [ 7, 15, 9, 16 ], "texture": "#anvil" },
        "east":  { "uv": [ 7, 15, 9, 16 ], "texture": "#anvil" }
    }
},
{
    "__comment": "Spikes",
    "from": [ 3.875, 18.8125, 7.8125 ],
    "to": [ 12.125, 19.1875, 8.1875 ],
    "faces": {
        "down":  { "uv": [ 3, 7.5, 14, 7 ], "texture": "#texture" },
        "up":    { "uv": [ 3, 7, 14, 7.5 ], "texture": "#texture" },
        "north": { "uv": [ 3, 7, 14, 7.5 ], "texture": "#texture" },
        "south": { "uv": [ 3, 7, 14, 7.5 ], "texture": "#texture" },
        "west":  { "uv": [ 4, 7, 4.5, 7.5 ], "texture": "#texture" },
        "east":  { "uv": [ 3, 7, 3.5, 7.5 ], "texture": "#texture" }
    }
},
{
    "__comment": "Spikes",
    "from": [ 8, 18.8125, 3.875 ],
    "to": [ 8.375, 19.1875, 12.125 ],
    "faces": {
        "down":  { "uv": [ 3, 6.5, 14, 6 ], "rotation": 270, "texture": "#texture" },
        "up":    { "uv": [ 3, 6, 14, 6.5 ], "rotation": 90, "texture": "#texture" },
        "north": { "uv": [ 5, 6.5, 5.5, 7 ], "texture": "#texture" },
        "south": { "uv": [ 5, 6.5, 5.5, 7 ], "texture": "#texture" },
        "west":  { "uv": [ 3, 6, 14, 6.5 ], "texture": "#texture" },
        "east":  { "uv": [ 3, 6, 14, 6.5 ], "texture": "#texture" }
    }
},
{
    "__comment": "Spikes",
    "from": [ 5, 18.8125, 10.6875 ],
    "to": [ 13.25, 19.1875, 11.0625 ],
    "rotation": { "origin": [ 5, 18.8125, 10.6875 ], "axis": "y", "angle": 45 },
    "faces": {
        "down":  { "uv": [ 3, 7.5, 14, 7 ], "texture": "#texture" },
        "up":    { "uv": [ 3, 7, 14, 7.5 ], "texture": "#texture" },
        "north": { "uv": [ 3, 7, 14, 7.5 ], "texture": "#texture" },
        "south": { "uv": [ 3, 7, 14, 7.5 ], "texture": "#texture" },
        "west":  { "uv": [ 4, 7, 4.5, 7.5 ], "texture": "#texture" },
        "east":  { "uv": [ 3, 7, 3.5, 7.5 ], "texture": "#texture" }
    }
},
{
    "__comment": "Spikes",
    "from": [ 5, 18.8125, 5.3125 ],
    "to": [ 5.375, 19.1875, 13.5625 ],
    "rotation": { "origin": [ 5, 18.8125, 5.3125 ], "axis": "y", "angle": 45 },
    "faces": {
        "down":  { "uv": [ 3, 6.5, 14, 6 ], "rotation": 270, "texture": "#texture" },
        "up":    { "uv": [ 3, 6, 14, 6.5 ], "rotation": 90, "texture": "#texture" },
        "north": { "uv": [ 5, 6.5, 5.5, 7 ], "texture": "#texture" },
        "south": { "uv": [ 5, 6.5, 5.5, 7 ], "texture": "#texture" },
        "west":  { "uv": [ 3, 6, 14, 6.5 ], "texture": "#texture" },
        "east":  { "uv": [ 3, 6, 14, 6.5 ], "texture": "#texture" }
    }
},
{
    "__comment": "Spikes",
    "from": [ 5.25, 21.625, 7.8125 ],
    "to": [ 13.5, 22, 8.1875 ],
    "rotation": { "origin": [ 5.25, 22, 7.8125 ], "axis": "z", "angle": -45 },
    "faces": {
        "down":  { "uv": [ 3, 7.5, 14, 7 ], "texture": "#texture" },
        "up":    { "uv": [ 3, 7, 14, 7.5 ], "texture": "#texture" },
        "north": { "uv": [ 3, 7, 14, 7.5 ], "texture": "#texture" },
        "south": { "uv": [ 3, 7, 14, 7.5 ], "texture": "#texture" },
        "west":  { "uv": [ 4, 7, 4.5, 7.5 ], "texture": "#texture" },
        "east":  { "uv": [ 3, 7, 3.5, 7.5 ], "texture": "#texture" }
    }
},
{
    "__comment": "Spikes",
    "from": [ 8, 15.8125, 4.9375 ],
    "to": [ 8.375, 16.1875, 13.1875 ],
    "rotation": { "origin": [ 8, 16.1875, 4.9375 ], "axis": "x", "angle": -45 },
    "faces": {
        "down":  { "uv": [ 3, 6.5, 14, 6 ], "rotation": 270, "texture": "#texture" },
        "up":    { "uv": [ 3, 6, 14, 6.5 ], "rotation": 90, "texture": "#texture" },
        "north": { "uv": [ 5, 6.5, 5.5, 7 ], "texture": "#texture" },
        "south": { "uv": [ 5, 6.5, 5.5, 7 ], "texture": "#texture" },
        "west":  { "uv": [ 3, 6, 14, 6.5 ], "texture": "#texture" },
        "east":  { "uv": [ 3, 6, 14, 6.5 ], "texture": "#texture" }
    }
},
{
    "__comment": "Spikes",
    "from": [ 4.9375, 15.8125, 7.8125 ],
    "to": [ 13.1875, 16.1875, 8.1875 ],
    "rotation": { "origin": [ 4.9375, 16.1875, 7.8125 ], "axis": "z", "angle": 45 },
    "faces": {
        "down":  { "uv": [ 3, 7.5, 14, 7 ], "texture": "#texture" },
        "up":    { "uv": [ 3, 7, 14, 7.5 ], "texture": "#texture" },
        "north": { "uv": [ 3, 7, 14, 7.5 ], "texture": "#texture" },
        "south": { "uv": [ 3, 7, 14, 7.5 ], "texture": "#texture" },
        "west":  { "uv": [ 4, 7, 4.5, 7.5 ], "texture": "#texture" },
        "east":  { "uv": [ 3, 7, 3.5, 7.5 ], "texture": "#texture" }
    }
},
{
    "__comment": "Spikes",
    "from": [ 8, 21.5625, 5.25 ],
    "to": [ 8.375, 21.9375, 13.5 ],
    "rotation": { "origin": [ 8, 21.9375, 5.25 ], "axis": "x", "angle": 45 },
    "faces": {
        "down":  { "uv": [ 3, 6.5, 14, 6 ], "rotation": 270, "texture": "#texture" },
        "up":    { "uv": [ 3, 6, 14, 6.5 ], "rotation": 90, "texture": "#texture" },
        "north": { "uv": [ 5, 6.5, 5.5, 7 ], "texture": "#texture" },
        "south": { "uv": [ 5, 6.5, 5.5, 7 ], "texture": "#texture" },
        "west":  { "uv": [ 3, 6, 14, 6.5 ], "texture": "#texture" },
        "east":  { "uv": [ 3, 6, 14, 6.5 ], "texture": "#texture" }
    }
},
{
    "__comment": "Spikes",
    "from": [ 7.8125, 22, 7.8125 ],
    "to": [ 8.1875, 23.125, 8.1875 ],
    "faces": {
        "up":    { "uv": [ 6.5, 7.5, 7, 8 ], "texture": "#texture" },
        "north": { "uv": [ 7, 7.5, 7.5, 9 ], "texture": "#texture" },
        "south": { "uv": [ 7, 7.5, 7.5, 9 ], "texture": "#texture" },
        "west":  { "uv": [ 6.5, 7.5, 7, 9 ], "texture": "#texture" },
        "east":  { "uv": [ 6.5, 7.5, 7, 9 ], "texture": "#texture" }
    }
}
],
"display": {
    "thirdperson": {
        "rotation": [ 0, 90, -90 ],
        "translation": [ 0, 1, -3.7 ],
        "scale": [ 1.25, 1.25, 1.25 ]
    },
    "head": {
        "rotation": [ 0, 0, 115 ],
        "translation": [ 3, 6.5, 0 ],
        "scale": [ 1.25, 1.25, 1.25 ]
    },
    "ground": {
        "rotation": [ 0, 0, 0 ],
        "translation": [ 0, 0, 0 ],
        "scale": [ 2, 2, 2 ]
    },
    "fixed": {
        "rotation": [ 0, 0, 0 ],
        "translation": [ 0, -1.25, 0 ],
        "scale": [ 1.5, 1.5, 1.5 ]
    },
    "firstperson": {
        "rotation": [ 0, -135, -15 ],
        "translation": [ 0, 4, 2 ],
        "scale": [ 1.7, 1.7, 1.7 ]
    },
    "gui": {
        "rotation": [ 0, -45, 45 ],
        "translation": [ 2, -0.5, 0 ],
        "scale": [ 1.25, 1.25, 1.25 ]
    }
}
}