{
    "__comment": "Model generated using MrCrayfish's Model Creator (http://mrcrayfish.com/modelcreator/)",
    "textures": {
        "0": "lucky:blocks/gray",
        "1": "lucky:blocks/black",
        "2": "lucky:blocks/blue",
        "3": "lucky:blocks/blue"
    },
    "elements": [
        {
            "name": "Cube",
            "from": [ 2.0, 6.0, 6.0 ], 
            "to": [ 20.0, 10.0, 10.0 ], 
            "faces": {
                "north": { "texture": "#0", "uv": [ 0.0, 0.0, 16.0, 4.0 ] },
                "east": { "texture": "#0", "uv": [ 0.0, 0.0, 4.0, 4.0 ] },
                "south": { "texture": "#0", "uv": [ 0.0, 0.0, 16.0, 4.0 ] },
                "west": { "texture": "#0", "uv": [ 0.0, 0.0, 4.0, 4.0 ] },
                "up": { "texture": "#0", "uv": [ 0.0, 0.0, 16.0, 4.0 ] },
                "down": { "texture": "#0", "uv": [ 0.0, 0.0, 16.0, 4.0 ] }
            }
        },
        {
            "name": "Cube",
            "from": [ 0.0, 5.0, 7.0 ], 
            "to": [ 1.0, 6.0, 9.0 ], 
            "faces": {
                "north": { "texture": "#1", "uv": [ 0.0, 0.0, 1.0, 1.0 ] },
                "east": { "texture": "#1", "uv": [ 0.0, 0.0, 2.0, 1.0 ] },
                "south": { "texture": "#1", "uv": [ 0.0, 0.0, 1.0, 1.0 ] },
                "west": { "texture": "#1", "uv": [ 0.0, 0.0, 2.0, 1.0 ] },
                "up": { "texture": "#1", "uv": [ 0.0, 0.0, 1.0, 2.0 ] },
                "down": { "texture": "#1", "uv": [ 0.0, 0.0, 1.0, 2.0 ] }
            }
        },
        {
            "name": "Cube",
            "from": [ 0.0, 7.0, 5.0 ], 
            "to": [ 1.0, 10.0, 6.0 ], 
            "faces": {
                "north": { "texture": "#1", "uv": [ 0.0, 0.0, 1.0, 3.0 ] },
                "east": { "texture": "#1", "uv": [ 0.0, 0.0, 1.0, 3.0 ] },
                "south": { "texture": "#1", "uv": [ 0.0, 0.0, 1.0, 3.0 ] },
                "west": { "texture": "#1", "uv": [ 0.0, 0.0, 1.0, 3.0 ] },
                "up": { "texture": "#1", "uv": [ 0.0, 0.0, 1.0, 1.0 ] },
                "down": { "texture": "#1", "uv": [ 0.0, 0.0, 1.0, 1.0 ] }
            }
        },
        {
            "name": "Cube",
            "from": [ 0.0, 7.0, 10.0 ], 
            "to": [ 1.0, 10.0, 11.0 ], 
            "faces": {
                "north": { "texture": "#1", "uv": [ 0.0, 0.0, 1.0, 3.0 ] },
                "east": { "texture": "#1", "uv": [ 0.0, 0.0, 1.0, 3.0 ] },
                "south": { "texture": "#1", "uv": [ 0.0, 0.0, 1.0, 3.0 ] },
                "west": { "texture": "#1", "uv": [ 0.0, 0.0, 1.0, 3.0 ] },
                "up": { "texture": "#1", "uv": [ 0.0, 0.0, 1.0, 1.0 ] },
                "down": { "texture": "#1", "uv": [ 0.0, 0.0, 1.0, 1.0 ] }
            }
        },
        {
            "name": "Cube",
            "from": [ -3.0, 3.0, 11.0 ], 
            "to": [ -2.0, 5.0, 13.0 ], 
            "faces": {
                "north": { "texture": "#1", "uv": [ 0.0, 0.0, 1.0, 2.0 ] },
                "east": { "texture": "#1", "uv": [ 0.0, 0.0, 2.0, 2.0 ] },
                "south": { "texture": "#1", "uv": [ 0.0, 0.0, 1.0, 2.0 ] },
                "west": { "texture": "#1", "uv": [ 0.0, 0.0, 2.0, 2.0 ] },
                "up": { "texture": "#1", "uv": [ 0.0, 0.0, 1.0, 2.0 ] },
                "down": { "texture": "#1", "uv": [ 0.0, 0.0, 1.0, 2.0 ] }
            }
        },
        {
            "name": "Cube",
            "from": [ -3.0, 11.0, 7.0 ], 
            "to": [ -2.0, 13.0, 9.0 ], 
            "faces": {
                "north": { "texture": "#1", "uv": [ 0.0, 0.0, 1.0, 2.0 ] },
                "east": { "texture": "#1", "uv": [ 0.0, 0.0, 2.0, 2.0 ] },
                "south": { "texture": "#1", "uv": [ 0.0, 0.0, 1.0, 2.0 ] },
                "west": { "texture": "#1", "uv": [ 0.0, 0.0, 2.0, 2.0 ] },
                "up": { "texture": "#1", "uv": [ 0.0, 0.0, 1.0, 2.0 ] },
                "down": { "texture": "#1", "uv": [ 0.0, 0.0, 1.0, 2.0 ] }
            }
        },
        {
            "name": "Cube",
            "from": [ -1.0, 4.0, 10.0 ], 
            "to": [ 0.0, 6.0, 12.0 ], 
            "faces": {
                "north": { "texture": "#1", "uv": [ 0.0, 0.0, 1.0, 2.0 ] },
                "east": { "texture": "#1", "uv": [ 0.0, 0.0, 2.0, 2.0 ] },
                "south": { "texture": "#1", "uv": [ 0.0, 0.0, 1.0, 2.0 ] },
                "west": { "texture": "#1", "uv": [ 0.0, 0.0, 2.0, 2.0 ] },
                "up": { "texture": "#1", "uv": [ 0.0, 0.0, 1.0, 2.0 ] },
                "down": { "texture": "#1", "uv": [ 0.0, 0.0, 1.0, 2.0 ] }
            }
        },
        {
            "name": "Cube",
            "from": [ 0.0, 5.0, 9.0 ], 
            "to": [ 1.0, 7.0, 11.0 ], 
            "faces": {
                "north": { "texture": "#1", "uv": [ 0.0, 0.0, 1.0, 2.0 ] },
                "east": { "texture": "#1", "uv": [ 0.0, 0.0, 2.0, 2.0 ] },
                "south": { "texture": "#1", "uv": [ 0.0, 0.0, 1.0, 2.0 ] },
                "west": { "texture": "#1", "uv": [ 0.0, 0.0, 2.0, 2.0 ] },
                "up": { "texture": "#1", "uv": [ 0.0, 0.0, 1.0, 2.0 ] },
                "down": { "texture": "#1", "uv": [ 0.0, 0.0, 1.0, 2.0 ] }
            }
        },
        {
            "name": "Cube",
            "from": [ -3.0, 3.0, 3.0 ], 
            "to": [ -2.0, 5.0, 5.0 ], 
            "faces": {
                "north": { "texture": "#1", "uv": [ 0.0, 0.0, 1.0, 2.0 ] },
                "east": { "texture": "#1", "uv": [ 0.0, 0.0, 2.0, 2.0 ] },
                "south": { "texture": "#1", "uv": [ 0.0, 0.0, 1.0, 2.0 ] },
                "west": { "texture": "#1", "uv": [ 0.0, 0.0, 2.0, 2.0 ] },
                "up": { "texture": "#1", "uv": [ 0.0, 0.0, 1.0, 2.0 ] },
                "down": { "texture": "#1", "uv": [ 0.0, 0.0, 1.0, 2.0 ] }
            }
        },
        {
            "name": "Cube",
            "from": [ 0.0, 9.0, 7.0 ], 
            "to": [ 1.0, 11.0, 9.0 ], 
            "faces": {
                "north": { "texture": "#1", "uv": [ 0.0, 0.0, 1.0, 2.0 ] },
                "east": { "texture": "#1", "uv": [ 0.0, 0.0, 2.0, 2.0 ] },
                "south": { "texture": "#1", "uv": [ 0.0, 0.0, 1.0, 2.0 ] },
                "west": { "texture": "#1", "uv": [ 0.0, 0.0, 2.0, 2.0 ] },
                "up": { "texture": "#1", "uv": [ 0.0, 0.0, 1.0, 2.0 ] },
                "down": { "texture": "#1", "uv": [ 0.0, 0.0, 1.0, 2.0 ] }
            }
        },
        {
            "name": "Cube",
            "from": [ -1.0, 10.0, 7.0 ], 
            "to": [ 0.0, 12.0, 9.0 ], 
            "faces": {
                "north": { "texture": "#1", "uv": [ 0.0, 0.0, 1.0, 2.0 ] },
                "east": { "texture": "#1", "uv": [ 0.0, 0.0, 2.0, 2.0 ] },
                "south": { "texture": "#1", "uv": [ 0.0, 0.0, 1.0, 2.0 ] },
                "west": { "texture": "#1", "uv": [ 0.0, 0.0, 2.0, 2.0 ] },
                "up": { "texture": "#1", "uv": [ 0.0, 0.0, 1.0, 2.0 ] },
                "down": { "texture": "#1", "uv": [ 0.0, 0.0, 1.0, 2.0 ] }
            }
        },
        {
            "name": "Cube",
            "from": [ 0.0, 5.0, 5.0 ], 
            "to": [ 1.0, 7.0, 7.0 ], 
            "faces": {
                "north": { "texture": "#1", "uv": [ 0.0, 0.0, 1.0, 2.0 ] },
                "east": { "texture": "#1", "uv": [ 0.0, 0.0, 2.0, 2.0 ] },
                "south": { "texture": "#1", "uv": [ 0.0, 0.0, 1.0, 2.0 ] },
                "west": { "texture": "#1", "uv": [ 0.0, 0.0, 2.0, 2.0 ] },
                "up": { "texture": "#1", "uv": [ 0.0, 0.0, 1.0, 2.0 ] },
                "down": { "texture": "#1", "uv": [ 0.0, 0.0, 1.0, 2.0 ] }
            }
        },
        {
            "name": "Cube",
            "from": [ -1.0, 4.0, 4.0 ], 
            "to": [ 0.0, 6.0, 6.0 ], 
            "faces": {
                "north": { "texture": "#1", "uv": [ 0.0, 0.0, 1.0, 2.0 ] },
                "east": { "texture": "#1", "uv": [ 0.0, 0.0, 2.0, 2.0 ] },
                "south": { "texture": "#1", "uv": [ 0.0, 0.0, 1.0, 2.0 ] },
                "west": { "texture": "#1", "uv": [ 0.0, 0.0, 2.0, 2.0 ] },
                "up": { "texture": "#1", "uv": [ 0.0, 0.0, 1.0, 2.0 ] },
                "down": { "texture": "#1", "uv": [ 0.0, 0.0, 1.0, 2.0 ] }
            }
        },
        {
            "name": "Cube",
            "from": [ 0.0, 10.0, 5.0 ], 
            "to": [ 1.0, 11.0, 11.0 ], 
            "faces": {
                "north": { "texture": "#1", "uv": [ 0.0, 0.0, 1.0, 1.0 ] },
                "east": { "texture": "#1", "uv": [ 0.0, 0.0, 6.0, 1.0 ] },
                "south": { "texture": "#1", "uv": [ 0.0, 0.0, 1.0, 1.0 ] },
                "west": { "texture": "#1", "uv": [ 0.0, 0.0, 6.0, 1.0 ] },
                "up": { "texture": "#1", "uv": [ 0.0, 0.0, 1.0, 6.0 ] },
                "down": { "texture": "#1", "uv": [ 0.0, 0.0, 1.0, 6.0 ] }
            }
        },
        {
            "name": "Cube",
            "from": [ -2.0, 3.0, 11.0 ], 
            "to": [ -1.0, 5.0, 13.0 ], 
            "faces": {
                "north": { "texture": "#1", "uv": [ 0.0, 0.0, 1.0, 2.0 ] },
                "east": { "texture": "#1", "uv": [ 0.0, 0.0, 2.0, 2.0 ] },
                "south": { "texture": "#1", "uv": [ 0.0, 0.0, 1.0, 2.0 ] },
                "west": { "texture": "#1", "uv": [ 0.0, 0.0, 2.0, 2.0 ] },
                "up": { "texture": "#1", "uv": [ 0.0, 0.0, 1.0, 2.0 ] },
                "down": { "texture": "#1", "uv": [ 0.0, 0.0, 1.0, 2.0 ] }
            }
        },
        {
            "name": "Cube",
            "from": [ -2.0, 11.0, 7.0 ], 
            "to": [ -1.0, 13.0, 9.0 ], 
            "faces": {
                "north": { "texture": "#1", "uv": [ 0.0, 0.0, 1.0, 2.0 ] },
                "east": { "texture": "#1", "uv": [ 0.0, 0.0, 2.0, 2.0 ] },
                "south": { "texture": "#1", "uv": [ 0.0, 0.0, 1.0, 2.0 ] },
                "west": { "texture": "#1", "uv": [ 0.0, 0.0, 2.0, 2.0 ] },
                "up": { "texture": "#1", "uv": [ 0.0, 0.0, 1.0, 2.0 ] },
                "down": { "texture": "#1", "uv": [ 0.0, 0.0, 1.0, 2.0 ] }
            }
        },
        {
            "name": "Cube",
            "from": [ -2.0, 3.0, 3.0 ], 
            "to": [ -1.0, 5.0, 5.0 ], 
            "faces": {
                "north": { "texture": "#1", "uv": [ 0.0, 0.0, 1.0, 2.0 ] },
                "east": { "texture": "#1", "uv": [ 0.0, 0.0, 2.0, 2.0 ] },
                "south": { "texture": "#1", "uv": [ 0.0, 0.0, 1.0, 2.0 ] },
                "west": { "texture": "#1", "uv": [ 0.0, 0.0, 2.0, 2.0 ] },
                "up": { "texture": "#1", "uv": [ 0.0, 0.0, 1.0, 2.0 ] },
                "down": { "texture": "#1", "uv": [ 0.0, 0.0, 1.0, 2.0 ] }
            }
        },
        {
            "name": "Cube",
            "from": [ 7.0, 5.0, 4.0 ], 
            "to": [ 9.0, 11.0, 12.0 ], 
            "faces": {
                "north": { "texture": "#0", "uv": [ 0.0, 0.0, 2.0, 6.0 ] },
                "east": { "texture": "#0", "uv": [ 0.0, 0.0, 8.0, 6.0 ] },
                "south": { "texture": "#0", "uv": [ 0.0, 0.0, 2.0, 6.0 ] },
                "west": { "texture": "#0", "uv": [ 0.0, 0.0, 8.0, 6.0 ] },
                "up": { "texture": "#0", "uv": [ 0.0, 0.0, 2.0, 8.0 ] },
                "down": { "texture": "#0", "uv": [ 0.0, 0.0, 2.0, 8.0 ] }
            }
        },
        {
            "name": "Cube",
            "from": [ 16.0, 5.0, 3.0 ], 
            "to": [ 17.0, 11.0, 13.0 ], 
            "faces": {
                "north": { "texture": "#2", "uv": [ 0.0, 0.0, 1.0, 6.0 ] },
                "east": { "texture": "#2", "uv": [ 0.0, 0.0, 10.0, 6.0 ] },
                "south": { "texture": "#2", "uv": [ 0.0, 0.0, 1.0, 6.0 ] },
                "west": { "texture": "#2", "uv": [ 0.0, 0.0, 10.0, 6.0 ] },
                "up": { "texture": "#2", "uv": [ 0.0, 0.0, 1.0, 10.0 ] },
                "down": { "texture": "#2", "uv": [ 0.0, 0.0, 1.0, 10.0 ] }
            }
        },
        {
            "name": "Cube",
            "from": [ 20.0, 7.0, 7.0 ], 
            "to": [ 21.0, 9.0, 9.0 ], 
            "faces": {
                "north": { "texture": "#2", "uv": [ 0.0, 0.0, 1.0, 2.0 ] },
                "east": { "texture": "#2", "uv": [ 0.0, 0.0, 2.0, 2.0 ] },
                "south": { "texture": "#2", "uv": [ 0.0, 0.0, 1.0, 2.0 ] },
                "west": { "texture": "#2", "uv": [ 0.0, 0.0, 2.0, 2.0 ] },
                "up": { "texture": "#2", "uv": [ 0.0, 0.0, 1.0, 2.0 ] },
                "down": { "texture": "#2", "uv": [ 0.0, 0.0, 1.0, 2.0 ] }
            }
        },
        {
            "name": "Cube",
            "from": [ 18.0, 5.0, 5.0 ], 
            "to": [ 19.0, 11.0, 11.0 ], 
            "faces": {
                "north": { "texture": "#2", "uv": [ 0.0, 0.0, 1.0, 6.0 ] },
                "east": { "texture": "#2", "uv": [ 0.0, 0.0, 6.0, 6.0 ] },
                "south": { "texture": "#2", "uv": [ 0.0, 0.0, 1.0, 6.0 ] },
                "west": { "texture": "#2", "uv": [ 0.0, 0.0, 6.0, 6.0 ] },
                "up": { "texture": "#2", "uv": [ 0.0, 0.0, 1.0, 6.0 ] },
                "down": { "texture": "#2", "uv": [ 0.0, 0.0, 1.0, 6.0 ] }
            }
        },
        {
            "name": "Cube",
            "from": [ 17.0, 5.0, 4.0 ], 
            "to": [ 18.0, 11.0, 12.0 ], 
            "faces": {
                "north": { "texture": "#0", "uv": [ 0.0, 0.0, 1.0, 6.0 ] },
                "east": { "texture": "#0", "uv": [ 0.0, 0.0, 8.0, 6.0 ] },
                "south": { "texture": "#0", "uv": [ 0.0, 0.0, 1.0, 6.0 ] },
                "west": { "texture": "#0", "uv": [ 0.0, 0.0, 8.0, 6.0 ] },
                "up": { "texture": "#0", "uv": [ 0.0, 0.0, 1.0, 8.0 ] },
                "down": { "texture": "#0", "uv": [ 0.0, 0.0, 1.0, 8.0 ] }
            }
        },
        {
            "name": "Cube",
            "from": [ 17.0, 4.0, 5.0 ], 
            "to": [ 18.0, 12.0, 11.0 ], 
            "faces": {
                "north": { "texture": "#0", "uv": [ 0.0, 0.0, 1.0, 8.0 ] },
                "east": { "texture": "#0", "uv": [ 0.0, 0.0, 6.0, 8.0 ] },
                "south": { "texture": "#0", "uv": [ 0.0, 0.0, 1.0, 8.0 ] },
                "west": { "texture": "#0", "uv": [ 0.0, 0.0, 6.0, 8.0 ] },
                "up": { "texture": "#0", "uv": [ 0.0, 0.0, 1.0, 6.0 ] },
                "down": { "texture": "#0", "uv": [ 0.0, 0.0, 1.0, 6.0 ] }
            }
        },
        {
            "name": "Cube",
            "from": [ 10.0, 11.0, 12.0 ], 
            "to": [ 16.0, 12.0, 13.0 ], 
            "faces": {
                "north": { "texture": "#2", "uv": [ 0.0, 0.0, 6.0, 1.0 ] },
                "east": { "texture": "#2", "uv": [ 0.0, 0.0, 1.0, 1.0 ] },
                "south": { "texture": "#2", "uv": [ 0.0, 0.0, 6.0, 1.0 ] },
                "west": { "texture": "#2", "uv": [ 0.0, 0.0, 1.0, 1.0 ] },
                "up": { "texture": "#2", "uv": [ 0.0, 0.0, 6.0, 1.0 ] },
                "down": { "texture": "#2", "uv": [ 0.0, 0.0, 6.0, 1.0 ] }
            }
        },
        {
            "name": "Cube",
            "from": [ 10.0, 11.0, 3.0 ], 
            "to": [ 16.0, 12.0, 4.0 ], 
            "faces": {
                "north": { "texture": "#2", "uv": [ 0.0, 0.0, 6.0, 1.0 ] },
                "east": { "texture": "#2", "uv": [ 0.0, 0.0, 1.0, 1.0 ] },
                "south": { "texture": "#2", "uv": [ 0.0, 0.0, 6.0, 1.0 ] },
                "west": { "texture": "#2", "uv": [ 0.0, 0.0, 1.0, 1.0 ] },
                "up": { "texture": "#2", "uv": [ 0.0, 0.0, 6.0, 1.0 ] },
                "down": { "texture": "#2", "uv": [ 0.0, 0.0, 6.0, 1.0 ] }
            }
        },
        {
            "name": "Cube",
            "from": [ 10.0, 4.0, 3.0 ], 
            "to": [ 16.0, 5.0, 6.0 ], 
            "faces": {
                "north": { "texture": "#2", "uv": [ 0.0, 0.0, 6.0, 1.0 ] },
                "east": { "texture": "#2", "uv": [ 0.0, 0.0, 3.0, 1.0 ] },
                "south": { "texture": "#2", "uv": [ 0.0, 0.0, 6.0, 1.0 ] },
                "west": { "texture": "#2", "uv": [ 0.0, 0.0, 3.0, 1.0 ] },
                "up": { "texture": "#2", "uv": [ 0.0, 0.0, 6.0, 3.0 ] },
                "down": { "texture": "#2", "uv": [ 0.0, 0.0, 6.0, 3.0 ] }
            }
        },
        {
            "name": "Cube",
            "from": [ 10.0, 4.0, 12.0 ], 
            "to": [ 16.0, 5.0, 13.0 ], 
            "faces": {
                "north": { "texture": "#2", "uv": [ 0.0, 0.0, 6.0, 1.0 ] },
                "east": { "texture": "#2", "uv": [ 0.0, 0.0, 1.0, 1.0 ] },
                "south": { "texture": "#2", "uv": [ 0.0, 0.0, 6.0, 1.0 ] },
                "west": { "texture": "#2", "uv": [ 0.0, 0.0, 1.0, 1.0 ] },
                "up": { "texture": "#2", "uv": [ 0.0, 0.0, 6.0, 1.0 ] },
                "down": { "texture": "#2", "uv": [ 0.0, 0.0, 6.0, 1.0 ] }
            }
        },
        {
            "name": "Cube",
            "from": [ 16.0, 3.0, 5.0 ], 
            "to": [ 17.0, 13.0, 11.0 ], 
            "faces": {
                "north": { "texture": "#2", "uv": [ 0.0, 0.0, 1.0, 10.0 ] },
                "east": { "texture": "#2", "uv": [ 0.0, 0.0, 6.0, 10.0 ] },
                "south": { "texture": "#2", "uv": [ 0.0, 0.0, 1.0, 10.0 ] },
                "west": { "texture": "#2", "uv": [ 0.0, 0.0, 6.0, 10.0 ] },
                "up": { "texture": "#2", "uv": [ 0.0, 0.0, 1.0, 6.0 ] },
                "down": { "texture": "#2", "uv": [ 0.0, 0.0, 1.0, 6.0 ] }
            }
        },
        {
            "name": "Cube",
            "from": [ 10.0, 2.0, 5.0 ], 
            "to": [ 16.0, 14.0, 11.0 ], 
            "faces": {
                "north": { "texture": "#2", "uv": [ 0.0, 0.0, 6.0, 12.0 ] },
                "east": { "texture": "#2", "uv": [ 0.0, 0.0, 6.0, 12.0 ] },
                "south": { "texture": "#2", "uv": [ 0.0, 0.0, 6.0, 12.0 ] },
                "west": { "texture": "#2", "uv": [ 0.0, 0.0, 6.0, 12.0 ] },
                "up": { "texture": "#2", "uv": [ 0.0, 0.0, 6.0, 6.0 ] },
                "down": { "texture": "#2", "uv": [ 0.0, 0.0, 6.0, 6.0 ] }
            }
        },
        {
            "name": "Cube",
            "from": [ 16.0, 11.0, 11.0 ], 
            "to": [ 17.0, 12.0, 12.0 ], 
            "faces": {
                "north": { "texture": "#2", "uv": [ 0.0, 0.0, 1.0, 1.0 ] },
                "east": { "texture": "#2", "uv": [ 0.0, 0.0, 1.0, 1.0 ] },
                "south": { "texture": "#2", "uv": [ 0.0, 0.0, 1.0, 1.0 ] },
                "west": { "texture": "#2", "uv": [ 0.0, 0.0, 1.0, 1.0 ] },
                "up": { "texture": "#2", "uv": [ 0.0, 0.0, 1.0, 1.0 ] },
                "down": { "texture": "#2", "uv": [ 0.0, 0.0, 1.0, 1.0 ] }
            }
        },
        {
            "name": "Cube",
            "from": [ 10.0, 11.0, 11.0 ], 
            "to": [ 16.0, 13.0, 12.0 ], 
            "faces": {
                "north": { "texture": "#2", "uv": [ 0.0, 0.0, 6.0, 2.0 ] },
                "east": { "texture": "#2", "uv": [ 0.0, 0.0, 1.0, 2.0 ] },
                "south": { "texture": "#2", "uv": [ 0.0, 0.0, 6.0, 2.0 ] },
                "west": { "texture": "#2", "uv": [ 0.0, 0.0, 1.0, 2.0 ] },
                "up": { "texture": "#2", "uv": [ 0.0, 0.0, 6.0, 1.0 ] },
                "down": { "texture": "#2", "uv": [ 0.0, 0.0, 6.0, 1.0 ] }
            }
        },
        {
            "name": "Cube",
            "from": [ 16.0, 4.0, 11.0 ], 
            "to": [ 17.0, 5.0, 12.0 ], 
            "faces": {
                "north": { "texture": "#2", "uv": [ 0.0, 0.0, 1.0, 1.0 ] },
                "east": { "texture": "#2", "uv": [ 0.0, 0.0, 1.0, 1.0 ] },
                "south": { "texture": "#2", "uv": [ 0.0, 0.0, 1.0, 1.0 ] },
                "west": { "texture": "#2", "uv": [ 0.0, 0.0, 1.0, 1.0 ] },
                "up": { "texture": "#2", "uv": [ 0.0, 0.0, 1.0, 1.0 ] },
                "down": { "texture": "#2", "uv": [ 0.0, 0.0, 1.0, 1.0 ] }
            }
        },
        {
            "name": "Cube",
            "from": [ 10.0, 3.0, 11.0 ], 
            "to": [ 16.0, 5.0, 12.0 ], 
            "faces": {
                "north": { "texture": "#2", "uv": [ 0.0, 0.0, 6.0, 2.0 ] },
                "east": { "texture": "#2", "uv": [ 0.0, 0.0, 1.0, 2.0 ] },
                "south": { "texture": "#2", "uv": [ 0.0, 0.0, 6.0, 2.0 ] },
                "west": { "texture": "#2", "uv": [ 0.0, 0.0, 1.0, 2.0 ] },
                "up": { "texture": "#2", "uv": [ 0.0, 0.0, 6.0, 1.0 ] },
                "down": { "texture": "#2", "uv": [ 0.0, 0.0, 6.0, 1.0 ] }
            }
        },
        {
            "name": "Cube",
            "from": [ 16.0, 11.0, 4.0 ], 
            "to": [ 17.0, 12.0, 5.0 ], 
            "faces": {
                "north": { "texture": "#2", "uv": [ 0.0, 0.0, 1.0, 1.0 ] },
                "east": { "texture": "#2", "uv": [ 0.0, 0.0, 1.0, 1.0 ] },
                "south": { "texture": "#2", "uv": [ 0.0, 0.0, 1.0, 1.0 ] },
                "west": { "texture": "#2", "uv": [ 0.0, 0.0, 1.0, 1.0 ] },
                "up": { "texture": "#2", "uv": [ 0.0, 0.0, 1.0, 1.0 ] },
                "down": { "texture": "#2", "uv": [ 0.0, 0.0, 1.0, 1.0 ] }
            }
        },
        {
            "name": "Cube",
            "from": [ 9.0, 4.0, 4.0 ], 
            "to": [ 15.0, 5.0, 5.0 ], 
            "faces": {
                "north": { "texture": "#2", "uv": [ 0.0, 0.0, 6.0, 1.0 ] },
                "east": { "texture": "#2", "uv": [ 0.0, 0.0, 1.0, 1.0 ] },
                "south": { "texture": "#2", "uv": [ 0.0, 0.0, 6.0, 1.0 ] },
                "west": { "texture": "#2", "uv": [ 0.0, 0.0, 1.0, 1.0 ] },
                "up": { "texture": "#2", "uv": [ 0.0, 0.0, 6.0, 1.0 ] },
                "down": { "texture": "#2", "uv": [ 0.0, 0.0, 6.0, 1.0 ] }
            }
        },
        {
            "name": "Cube",
            "from": [ 16.0, 4.0, 4.0 ], 
            "to": [ 17.0, 5.0, 5.0 ], 
            "faces": {
                "north": { "texture": "#2", "uv": [ 0.0, 0.0, 1.0, 1.0 ] },
                "east": { "texture": "#2", "uv": [ 0.0, 0.0, 1.0, 1.0 ] },
                "south": { "texture": "#2", "uv": [ 0.0, 0.0, 1.0, 1.0 ] },
                "west": { "texture": "#2", "uv": [ 0.0, 0.0, 1.0, 1.0 ] },
                "up": { "texture": "#2", "uv": [ 0.0, 0.0, 0.0, 0.0 ] },
                "down": { "texture": "#2", "uv": [ 0.0, 0.0, 1.0, 1.0 ] }
            }
        },
        {
            "name": "Cube",
            "from": [ 10.0, 3.0, 4.0 ], 
            "to": [ 16.0, 5.0, 10.0 ], 
            "faces": {
                "north": { "texture": "#2", "uv": [ 0.0, 0.0, 6.0, 2.0 ] },
                "east": { "texture": "#2", "uv": [ 0.0, 0.0, 6.0, 2.0 ] },
                "south": { "texture": "#2", "uv": [ 0.0, 0.0, 6.0, 2.0 ] },
                "west": { "texture": "#2", "uv": [ 0.0, 0.0, 6.0, 2.0 ] },
                "up": { "texture": "#2", "uv": [ 0.0, 0.0, 6.0, 6.0 ] },
                "down": { "texture": "#2", "uv": [ 0.0, 0.0, 6.0, 6.0 ] }
            }
        },
        {
            "name": "Cube",
            "from": [ 10.0, 5.0, 2.0 ], 
            "to": [ 16.0, 11.0, 14.0 ], 
            "faces": {
                "north": { "texture": "#2", "uv": [ 0.0, 0.0, 6.0, 6.0 ] },
                "east": { "texture": "#2", "uv": [ 0.0, 0.0, 12.0, 6.0 ] },
                "south": { "texture": "#2", "uv": [ 0.0, 0.0, 6.0, 6.0 ] },
                "west": { "texture": "#2", "uv": [ 0.0, 0.0, 12.0, 6.0 ] },
                "up": { "texture": "#2", "uv": [ 0.0, 0.0, 6.0, 12.0 ] },
                "down": { "texture": "#2", "uv": [ 0.0, 0.0, 6.0, 12.0 ] }
            }
        },
        {
            "name": "Cube",
            "from": [ 6.0, 5.0, 5.0 ], 
            "to": [ 7.0, 11.0, 11.0 ], 
            "faces": {
                "north": { "texture": "#0", "uv": [ 0.0, 0.0, 1.0, 6.0 ] },
                "east": { "texture": "#0", "uv": [ 0.0, 0.0, 6.0, 6.0 ] },
                "south": { "texture": "#0", "uv": [ 0.0, 0.0, 1.0, 6.0 ] },
                "west": { "texture": "#0", "uv": [ 0.0, 0.0, 6.0, 6.0 ] },
                "up": { "texture": "#0", "uv": [ 0.0, 0.0, 1.0, 6.0 ] },
                "down": { "texture": "#0", "uv": [ 0.0, 0.0, 1.0, 6.0 ] }
            }
        },
        {
            "name": "Cube",
            "from": [ 7.0, 4.0, 5.0 ], 
            "to": [ 9.0, 12.0, 11.0 ], 
            "faces": {
                "north": { "texture": "#2", "uv": [ 0.0, 0.0, 2.0, 8.0 ] },
                "east": { "texture": "#2", "uv": [ 0.0, 0.0, 6.0, 8.0 ] },
                "south": { "texture": "#2", "uv": [ 0.0, 0.0, 2.0, 8.0 ] },
                "west": { "texture": "#2", "uv": [ 0.0, 0.0, 6.0, 8.0 ] },
                "up": { "texture": "#2", "uv": [ 0.0, 0.0, 2.0, 6.0 ] },
                "down": { "texture": "#2", "uv": [ 0.0, 0.0, 2.0, 6.0 ] }
            }
        },
        {
            "name": "Cube",
            "from": [ 10.0, 11.0, 4.0 ], 
            "to": [ 16.0, 13.0, 5.0 ], 
            "faces": {
                "north": { "texture": "#2", "uv": [ 0.0, 0.0, 6.0, 2.0 ] },
                "east": { "texture": "#2", "uv": [ 0.0, 0.0, 1.0, 2.0 ] },
                "south": { "texture": "#2", "uv": [ 0.0, 0.0, 6.0, 2.0 ] },
                "west": { "texture": "#2", "uv": [ 0.0, 0.0, 1.0, 2.0 ] },
                "up": { "texture": "#2", "uv": [ 0.0, 0.0, 6.0, 1.0 ] },
                "down": { "texture": "#2", "uv": [ 0.0, 0.0, 6.0, 1.0 ] }
            }
        },
        {
            "name": "Cube",
            "from": [ 9.0, 4.0, 11.0 ], 
            "to": [ 10.0, 6.0, 12.0 ], 
            "faces": {
                "north": { "texture": "#2", "uv": [ 0.0, 0.0, 1.0, 2.0 ] },
                "east": { "texture": "#2", "uv": [ 0.0, 0.0, 1.0, 2.0 ] },
                "south": { "texture": "#2", "uv": [ 0.0, 0.0, 1.0, 2.0 ] },
                "west": { "texture": "#2", "uv": [ 0.0, 0.0, 1.0, 2.0 ] },
                "up": { "texture": "#2", "uv": [ 0.0, 0.0, 1.0, 1.0 ] },
                "down": { "texture": "#2", "uv": [ 0.0, 0.0, 1.0, 1.0 ] }
            }
        },
        {
            "name": "Cube",
            "from": [ 9.0, 10.0, 4.0 ], 
            "to": [ 10.0, 12.0, 5.0 ], 
            "faces": {
                "north": { "texture": "#2", "uv": [ 0.0, 0.0, 1.0, 2.0 ] },
                "east": { "texture": "#2", "uv": [ 0.0, 0.0, 1.0, 2.0 ] },
                "south": { "texture": "#2", "uv": [ 0.0, 0.0, 1.0, 2.0 ] },
                "west": { "texture": "#2", "uv": [ 0.0, 0.0, 1.0, 2.0 ] },
                "up": { "texture": "#2", "uv": [ 0.0, 0.0, 1.0, 1.0 ] },
                "down": { "texture": "#2", "uv": [ 0.0, 0.0, 1.0, 1.0 ] }
            }
        },
        {
            "name": "Cube",
            "from": [ 9.0, 10.0, 11.0 ], 
            "to": [ 10.0, 12.0, 12.0 ], 
            "faces": {
                "north": { "texture": "#2", "uv": [ 0.0, 0.0, 1.0, 2.0 ] },
                "east": { "texture": "#2", "uv": [ 0.0, 0.0, 1.0, 2.0 ] },
                "south": { "texture": "#2", "uv": [ 0.0, 0.0, 1.0, 2.0 ] },
                "west": { "texture": "#2", "uv": [ 0.0, 0.0, 1.0, 2.0 ] },
                "up": { "texture": "#2", "uv": [ 0.0, 0.0, 1.0, 1.0 ] },
                "down": { "texture": "#2", "uv": [ 0.0, 0.0, 1.0, 1.0 ] }
            }
        },
        {
            "name": "Cube",
            "from": [ 9.0, 3.0, 5.0 ], 
            "to": [ 10.0, 13.0, 11.0 ], 
            "faces": {
                "north": { "texture": "#2", "uv": [ 0.0, 0.0, 1.0, 10.0 ] },
                "east": { "texture": "#2", "uv": [ 0.0, 0.0, 6.0, 10.0 ] },
                "south": { "texture": "#2", "uv": [ 0.0, 0.0, 1.0, 10.0 ] },
                "west": { "texture": "#2", "uv": [ 0.0, 0.0, 6.0, 10.0 ] },
                "up": { "texture": "#2", "uv": [ 0.0, 0.0, 1.0, 6.0 ] },
                "down": { "texture": "#2", "uv": [ 0.0, 0.0, 1.0, 6.0 ] }
            }
        },
        {
            "name": "Cube",
            "from": [ 9.0, 5.0, 3.0 ], 
            "to": [ 10.0, 11.0, 13.0 ], 
            "faces": {
                "north": { "texture": "#2", "uv": [ 0.0, 0.0, 1.0, 6.0 ] },
                "east": { "texture": "#2", "uv": [ 0.0, 0.0, 10.0, 6.0 ] },
                "south": { "texture": "#2", "uv": [ 0.0, 0.0, 1.0, 6.0 ] },
                "west": { "texture": "#2", "uv": [ 0.0, 0.0, 10.0, -11.0 ] },
                "up": { "texture": "#2", "uv": [ 0.0, 0.0, 1.0, 10.0 ] },
                "down": { "texture": "#2", "uv": [ 0.0, 0.0, 1.0, 10.0 ] }
            }
        },
        {
            "name": "Cube",
            "from": [ 1.0, 5.0, 5.0 ], 
            "to": [ 2.0, 11.0, 11.0 ], 
            "faces": {
                "north": { "texture": "#3", "uv": [ 0.0, 0.0, 2.0, 8.0 ] },
                "east": { "texture": "#3", "uv": [ 0.0, 0.0, 6.0, 8.0 ] },
                "south": { "texture": "#3", "uv": [ 0.0, 0.0, 2.0, 8.0 ] },
                "west": { "texture": "#3", "uv": [ 0.0, 0.0, 6.0, 8.0 ] },
                "up": { "texture": "#3", "uv": [ 0.0, 0.0, 2.0, 6.0 ] },
                "down": { "texture": "#3", "uv": [ 0.0, 0.0, 2.0, 6.0 ] }
            }
        },
        {
            "name": "Cube",
            "from": [ 3.0, 5.0, 5.0 ], 
            "to": [ 4.0, 11.0, 11.0 ], 
            "faces": {
                "north": { "texture": "#0", "uv": [ 0.0, 0.0, 1.0, 6.0 ] },
                "east": { "texture": "#0", "uv": [ 0.0, 0.0, 6.0, 6.0 ] },
                "south": { "texture": "#0", "uv": [ 0.0, 0.0, 1.0, 6.0 ] },
                "west": { "texture": "#0", "uv": [ 0.0, 0.0, 6.0, 6.0 ] },
                "up": { "texture": "#0", "uv": [ 0.0, 0.0, 1.0, 6.0 ] },
                "down": { "texture": "#0", "uv": [ 0.0, 0.0, 1.0, 6.0 ] }
            }
        },
        {
            "name": "Cube",
            "from": [ 2.0, 4.0, 5.0 ], 
            "to": [ 3.0, 12.0, 11.0 ], 
            "faces": {
                "north": { "texture": "#0", "uv": [ 0.0, 0.0, 2.0, 8.0 ] },
                "east": { "texture": "#0", "uv": [ 0.0, 0.0, 6.0, 8.0 ] },
                "south": { "texture": "#0", "uv": [ 0.0, 0.0, 2.0, 8.0 ] },
                "west": { "texture": "#0", "uv": [ 0.0, 0.0, 6.0, 8.0 ] },
                "up": { "texture": "#0", "uv": [ 0.0, 0.0, 2.0, 6.0 ] },
                "down": { "texture": "#0", "uv": [ 0.0, 0.0, 2.0, 6.0 ] }
            }
        },
        {
            "name": "Cube",
            "from": [ 2.0, 5.0, 4.0 ], 
            "to": [ 3.0, 11.0, 12.0 ], 
            "faces": {
                "north": { "texture": "#0", "uv": [ 0.0, 0.0, 2.0, 8.0 ] },
                "east": { "texture": "#0", "uv": [ 0.0, 0.0, 6.0, 8.0 ] },
                "south": { "texture": "#0", "uv": [ 0.0, 0.0, 2.0, 8.0 ] },
                "west": { "texture": "#0", "uv": [ 0.0, 0.0, 6.0, 8.0 ] },
                "up": { "texture": "#0", "uv": [ 0.0, 0.0, 2.0, 6.0 ] },
                "down": { "texture": "#0", "uv": [ 0.0, 0.0, 2.0, 6.0 ] }
            }
        },
        {
            "name": "Cube",
            "from": [ 1.0, 4.0, 5.0 ], 
            "to": [ 2.0, 5.0, 11.0 ], 
            "faces": {
                "north": { "texture": "#0", "uv": [ 0.0, 0.0, 2.0, 8.0 ] },
                "east": { "texture": "#0", "uv": [ 0.0, 0.0, 6.0, 8.0 ] },
                "south": { "texture": "#0", "uv": [ 0.0, 0.0, 2.0, 8.0 ] },
                "west": { "texture": "#0", "uv": [ 0.0, 0.0, 6.0, 8.0 ] },
                "up": { "texture": "#0", "uv": [ 0.0, 0.0, 2.0, 6.0 ] },
                "down": { "texture": "#0", "uv": [ 0.0, 0.0, 2.0, 6.0 ] }
            }
        },
        {
            "name": "Cube",
            "from": [ 1.0, 11.0, 5.0 ], 
            "to": [ 2.0, 12.0, 11.0 ], 
            "faces": {
                "north": { "texture": "#0", "uv": [ 0.0, 0.0, 2.0, 8.0 ] },
                "east": { "texture": "#0", "uv": [ 0.0, 0.0, 6.0, 8.0 ] },
                "south": { "texture": "#0", "uv": [ 0.0, 0.0, 2.0, 8.0 ] },
                "west": { "texture": "#0", "uv": [ 0.0, 0.0, 6.0, 8.0 ] },
                "up": { "texture": "#0", "uv": [ 0.0, 0.0, 2.0, 6.0 ] },
                "down": { "texture": "#0", "uv": [ 0.0, 0.0, 2.0, 6.0 ] }
            }
        },
        {
            "name": "Cube",
            "from": [ 1.0, 5.0, 11.0 ], 
            "to": [ 2.0, 11.0, 12.0 ], 
            "faces": {
                "north": { "texture": "#0", "uv": [ 0.0, 0.0, 2.0, 8.0 ] },
                "east": { "texture": "#0", "uv": [ 0.0, 0.0, 6.0, 8.0 ] },
                "south": { "texture": "#0", "uv": [ 0.0, 0.0, 2.0, 8.0 ] },
                "west": { "texture": "#0", "uv": [ 0.0, 0.0, 6.0, 8.0 ] },
                "up": { "texture": "#0", "uv": [ 0.0, 0.0, 2.0, 6.0 ] },
                "down": { "texture": "#0", "uv": [ 0.0, 0.0, 2.0, 6.0 ] }
            }
        },
        {
            "name": "Cube",
            "from": [ 1.0, 5.0, 4.0 ], 
            "to": [ 2.0, 11.0, 5.0 ], 
            "faces": {
                "north": { "texture": "#0", "uv": [ 0.0, 0.0, 2.0, 8.0 ] },
                "east": { "texture": "#0", "uv": [ 0.0, 0.0, 6.0, 8.0 ] },
                "south": { "texture": "#0", "uv": [ 0.0, 0.0, 2.0, 8.0 ] },
                "west": { "texture": "#0", "uv": [ 0.0, 0.0, 6.0, 8.0 ] },
                "up": { "texture": "#0", "uv": [ 0.0, 0.0, 2.0, 6.0 ] },
                "down": { "texture": "#0", "uv": [ 0.0, 0.0, 2.0, 6.0 ] }
            }
        }
    ],
    "display": {
        "thirdperson": {
            "rotation": [ 0, 180, -35 ],
            "translation": [ -1, 0.5, -7 ],
            "scale": [ 3, 3, 3 ]
        },
        "firstperson": {
            "rotation": [ 0, 0, 30 ],
            "translation": [ 4, 4, 4 ],
            "scale": [ 2, 2, 2 ]
        }
    }
}