{
    "textures": {
        "0": "lootplusplus:items/Mars_sword"
    },
    "display": {
        "thirdperson": {
            "rotation": [ 180, 90, 0 ],
            "translation": [ 0.5, -3, -5.5 ],
            "scale": [ 2, 2, 2 ]
        },
        "firstperson": {
            "rotation": [ 180, -135, -90 ],
            "translation": [ 0, 1, 4 ],
            "scale": [ 4, 4, 4 ]
        },
        "gui": {
            "rotation": [ 0, -45, 135 ],
            "translation": [ -3, -3, -3 ],
            "scale": [ 2, 2, 2 ]
        },
        "ground": {
            "rotation": [ 0, 90, 0 ],
            "translation": [ -4.5, -8, 0 ],
            "scale": [ 4, 4, 4 ]
        },        
	    "fixed": {
            "rotation": [ 0, 0, 135 ],
            "translation": [ -12, 0, 0 ],
            "scale": [ 2, 2, 2 ]
        }
    },
    "elements": [
        {
            "name": "Griff",
            "from": [ 0.0, 4.0, 8.0 ], 
            "to": [ 5.0, 5.0, 9.0 ], 
            "faces": {
                "north": { "texture": "#0", "uv": [ 0.0, 3.0, 1.0, 4.0 ] },
                "east": { "texture": "#0", "uv": [ 0.0, 3.0, 1.0, 4.0 ] },
                "south": { "texture": "#0", "uv": [ 0.0, 3.0, 5.0, 4.0 ] },
                "west": { "texture": "#0", "uv": [ 0.0, 3.0, 1.0, 4.0 ] },
                "up": { "texture": "#0", "uv": [ 0.0, 3.0, 5.0, 4.0 ] },
                "down": { "texture": "#0", "uv": [ 0.0, 3.0, 5.0, 4.0 ] }
            }
        },
        {
            "name": "knoppel",
            "from": [ -1.0, 3.9, 7.9 ], 
            "to": [ 0.0, 5.1, 9.1 ], 
            "shade": false,
            "faces": {
                "north": { "texture": "#0", "uv": [ 1.0, 14.0, 2.0, 15.2 ] },
                "east": { "texture": "#0", "uv": [ 1.0, 14.0, 2.2, 15.2 ] },
                "south": { "texture": "#0", "uv": [ 1.0, 14.0, 2.0, 15.2 ] },
                "west": { "texture": "#0", "uv": [ 1.0, 14.0, 2.2, 15.2 ] },
                "up": { "texture": "#0", "uv": [ 1.0, 14.0, 2.0, 15.2 ] },
                "down": { "texture": "#0", "uv": [ 1.0, 14.0, 2.0, 15.2 ] }
            }
        },
        {
            "name": "schutz",
            "from": [ 5.0, 2.5, 7.8 ], 
            "to": [ 6.0, 6.5, 9.2 ], 
            "faces": {
                "north": { "texture": "#0", "uv": [ 1.0, 12.0, 2.0, 16.0 ] },
                "east": { "texture": "#0", "uv": [ 0.0, 12.0, 1.4, 16.0 ] },
                "south": { "texture": "#0", "uv": [ 0.0, 12.0, 1.0, 16.0 ] },
                "west": { "texture": "#0", "uv": [ 0.0, 12.0, 1.4, 16.0 ] },
                "up": { "texture": "#0", "uv": [ 0.0, 14.0, 1.0, 15.4 ] },
                "down": { "texture": "#0", "uv": [ 0.0, 14.0, 1.0, 15.4 ] }
            }
        },
        {
            "name": "blade middle",
            "from": [ 6.0, 4.0, 8.00095 ], 
            "to": [ 17.0, 5.0, 8.99905 ], 
            "faces": {
                "north": { "texture": "#0", "uv": [ 0.0, 7.0, 11.0, 8.0 ] },
                "east": { "texture": "#0", "uv": [ 0.0, 7.0, 0.999, 8.0 ] },
                "south": { "texture": "#0", "uv": [ 0.0, 7.0, 11.0, 8.0 ] },
                "west": { "texture": "#0", "uv": [ 0.0, 7.0, 0.999, 8.0 ] },
                "up": { "texture": "#0", "uv": [ 0.0, 7.0, 11.0, 7.999 ] },
                "down": { "texture": "#0", "uv": [ 0.0, 7.0, 11.0, 7.999 ] }
            }
        },
        {
            "name": "blade above",
            "from": [ 6.0, 5.2, 8.0 ], 
            "to": [ 15.0, 6.2, 9.0 ], 
            "shade": false,
            "faces": {
                "north": { "texture": "#0", "uv": [ 0.0, 0.0, 9.0, 1.0 ] },
                "east": { "texture": "#0", "uv": [ 0.0, 0.0, 1.0, 1.0 ] },
                "south": { "texture": "#0", "uv": [ 0.0, 0.0, 9.0, 1.0 ] },
                "west": { "texture": "#0", "uv": [ 0.0, 0.0, 1.0, 1.0 ] },
                "up": { "texture": "#0", "uv": [ 0.0, 0.0, 9.0, 1.0 ] },
                "down": { "texture": "#0", "uv": [ 0.0, 0.0, 9.0, 1.0 ] }
            }
        },
        {
            "name": "blade down",
            "from": [ 6.0, 2.8, 8.0 ], 
            "to": [ 15.0, 3.8, 9.0 ], 
            "shade": false,
            "faces": {
                "north": { "texture": "#0", "uv": [ 0.0, 0.0, 9.0, 1.0 ] },
                "east": { "texture": "#0", "uv": [ 0.0, 0.0, 1.0, 1.0 ] },
                "south": { "texture": "#0", "uv": [ 0.0, 0.0, 9.0, 1.0 ] },
                "west": { "texture": "#0", "uv": [ 0.0, 0.0, 1.0, 1.0 ] },
                "up": { "texture": "#0", "uv": [ 0.0, 0.0, 9.0, 1.0 ] },
                "down": { "texture": "#0", "uv": [ 0.0, 0.0, 9.0, 1.0 ] }
            }
        },
        {
            "name": "pick",
            "from": [ 16.99, 5.0, 8.0 ], 
            "to": [ 20.439999999999998, 6.0, 9.0 ], 
            "rotation": { "origin": [ 16.5, 11.1, 8.0 ], "axis": "z", "angle": -22.5 },
            "faces": {
                "north": { "texture": "#0", "uv": [ 0.0, 0.0, 3.45, 1.0 ] },
                "east": { "texture": "#0", "uv": [ 0.0, 0.0, 1.0, 1.0 ] },
                "south": { "texture": "#0", "uv": [ 0.0, 0.0, 3.45, 1.0 ] },
                "west": { "texture": "#0", "uv": [ 0.0, 0.0, 1.0, 1.0 ] },
                "up": { "texture": "#0", "uv": [ 0.0, 0.0, 3.45, 1.0 ] },
                "down": { "texture": "#0", "uv": [ 0.0, 0.0, 3.45, 1.0 ] }
            }
        },
        {
            "name": "Cube",
            "from": [ 11.935, 4.0065, 8.0 ], 
            "to": [ 15.385000000000002, 5.0065, 9.0 ], 
            "rotation": { "origin": [ 16.5, 11.1, 8.0 ], "axis": "z", "angle": 22.5 },
            "faces": {
                "north": { "texture": "#0", "uv": [ 0.0, 0.0, 3.45, 1.0 ] },
                "east": { "texture": "#0", "uv": [ 0.0, 0.0, 1.0, 1.0 ] },
                "south": { "texture": "#0", "uv": [ 0.0, 0.0, 3.45, 1.0 ] },
                "west": { "texture": "#0", "uv": [ 0.0, 0.0, 1.0, 1.0 ] },
                "up": { "texture": "#0", "uv": [ 0.0, 0.0, 3.45, 1.0 ] },
                "down": { "texture": "#0", "uv": [ 0.0, 0.0, 3.45, 1.0 ] }
            }
        },
        {
            "name": "Cube",
            "from": [ 17.385, 12.435, 8.0 ], 
            "to": [ 17.94, 12.99, 9.0 ], 
            "rotation": { "origin": [ 8.0, 8.0, 8.0 ], "axis": "z", "angle": -45.0 },
            "faces": {
                "north": { "texture": "#0", "uv": [ 0.0, 0.0, 0.5549999999999997, 0.5549999999999997 ] },
                "east": { "texture": "#0", "uv": [ 0.0, 0.0, 1.0, 0.555 ] },
                "south": { "texture": "#0", "uv": [ 0.0, 0.0, 0.555, 0.555 ] },
                "west": { "texture": "#0", "uv": [ 0.0, 0.0, 1.0, 0.555 ] },
                "up": { "texture": "#0", "uv": [ 0.0, 0.0, 0.555, 1.0 ] },
                "down": { "texture": "#0", "uv": [ 0.0, 0.0, 0.555, 1.0 ] }
            }
        }
    ]
}